[{"lines_matched": "446", "copied_lines_list": [["174-319", "160-305"], ["434-552", "419-537"], ["378-418", "364-404"], ["324-358", "310-344"], ["119-137", "105-123"], ["365-374", "351-360"], ["50-61", "48-59"], ["8-14", "7-13"], ["420-434", "405-419"], ["109-115", "97-103"], ["34-37", "32-35"], ["87-103", "77-93"], ["65-73", "61-69"], ["157-161", "143-147"]], "file1": {"similarity_percent": "68", "file_name": "assignment_12.java"}, "file2": {"similarity_percent": "74", "file_name": "assignment_13.java"}}, {"lines_matched": "409", "copied_lines_list": [["160-305", "158-303"], ["364-489", "362-487"], ["48-123", "46-121"], ["310-344", "308-342"], ["351-360", "349-358"], ["7-13", "6-12"], ["32-35", "30-33"], ["143-147", "141-145"]], "file1": {"similarity_percent": "68", "file_name": "assignment_13.java"}, "file2": {"similarity_percent": "74", "file_name": "assignment_14.java"}}, {"lines_matched": "398", "copied_lines_list": [["174-319", "158-303"], ["434-504", "417-487"], ["378-418", "362-402"], ["324-358", "308-342"], ["119-137", "103-121"], ["365-374", "349-358"], ["50-61", "46-57"], ["8-14", "6-12"], ["420-434", "403-417"], ["109-115", "95-101"], ["34-37", "30-33"], ["87-103", "75-91"], ["65-73", "59-67"], ["157-161", "141-145"]], "file1": {"similarity_percent": "61", "file_name": "assignment_12.java"}, "file2": {"similarity_percent": "73", "file_name": "assignment_14.java"}}, {"lines_matched": "374", "copied_lines_list": [["158-303", "148-293"], ["362-456", "352-446"], ["79-121", "69-111"], ["308-342", "298-332"], ["46-76", "38-68"], ["349-358", "339-348"], ["30-33", "27-30"], ["8-12", "7-11"], ["141-145", "131-135"]], "file1": {"similarity_percent": "67", "file_name": "assignment_14.java"}, "file2": {"similarity_percent": "73", "file_name": "assignment_15.java"}}, {"lines_matched": "374", "copied_lines_list": [["160-305", "148-293"], ["364-458", "352-446"], ["81-123", "69-111"], ["310-344", "298-332"], ["48-78", "38-68"], ["351-360", "339-348"], ["32-35", "27-30"], ["9-13", "7-11"], ["143-147", "131-135"]], "file1": {"similarity_percent": "61", "file_name": "assignment_13.java"}, "file2": {"similarity_percent": "73", "file_name": "assignment_15.java"}}, {"lines_matched": "361", "copied_lines_list": [["174-319", "148-293"], ["434-473", "407-446"], ["378-418", "352-392"], ["324-358", "298-332"], ["119-137", "93-111"], ["365-374", "339-348"], ["50-61", "38-49"], ["420-434", "393-407"], ["109-115", "85-91"], ["34-37", "27-30"], ["10-14", "7-11"], ["65-73", "51-59"], ["157-161", "131-135"], ["91-103", "69-81"]], "file1": {"similarity_percent": "55", "file_name": "assignment_12.java"}, "file2": {"similarity_percent": "72", "file_name": "assignment_15.java"}}, {"lines_matched": "277", "copied_lines_list": [["131-276", "131-276"], ["31-94", "31-94"], ["281-315", "281-315"], ["322-331", "322-331"], ["335-342", "335-342"], ["23-26", "23-26"], ["3-7", "3-7"], ["114-118", "114-118"]], "file1": {"similarity_percent": "69", "file_name": "assignment_16.java"}, "file2": {"similarity_percent": "69", "file_name": "assignment_17.java"}}, {"lines_matched": "279", "copied_lines_list": [["148-293", "131-276"], ["69-111", "52-94"], ["298-332", "281-315"], ["339-348", "322-331"], ["53-65", "40-52"], ["40-49", "31-40"], ["352-359", "335-342"], ["27-30", "23-26"], ["7-11", "3-7"], ["131-135", "114-118"]], "file1": {"similarity_percent": "53", "file_name": "assignment_15.java"}, "file2": {"similarity_percent": "69", "file_name": "assignment_17.java"}}, {"lines_matched": "279", "copied_lines_list": [["148-293", "131-276"], ["69-111", "52-94"], ["298-332", "281-315"], ["339-348", "322-331"], ["53-65", "40-52"], ["40-49", "31-40"], ["352-359", "335-342"], ["27-30", "23-26"], ["7-11", "3-7"], ["131-135", "114-118"]], "file1": {"similarity_percent": "53", "file_name": "assignment_15.java"}, "file2": {"similarity_percent": "69", "file_name": "assignment_16.java"}}, {"lines_matched": "279", "copied_lines_list": [["158-303", "131-276"], ["79-121", "52-94"], ["308-342", "281-315"], ["349-358", "322-331"], ["61-73", "40-52"], ["48-57", "31-40"], ["362-369", "335-342"], ["30-33", "23-26"], ["8-12", "3-7"], ["141-145", "114-118"]], "file1": {"similarity_percent": "48", "file_name": "assignment_14.java"}, "file2": {"similarity_percent": "69", "file_name": "assignment_17.java"}}, {"lines_matched": "279", "copied_lines_list": [["158-303", "131-276"], ["79-121", "52-94"], ["308-342", "281-315"], ["349-358", "322-331"], ["61-73", "40-52"], ["48-57", "31-40"], ["362-369", "335-342"], ["30-33", "23-26"], ["8-12", "3-7"], ["141-145", "114-118"]], "file1": {"similarity_percent": "48", "file_name": "assignment_14.java"}, "file2": {"similarity_percent": "69", "file_name": "assignment_16.java"}}, {"lines_matched": "279", "copied_lines_list": [["160-305", "131-276"], ["81-123", "52-94"], ["310-344", "281-315"], ["351-360", "322-331"], ["63-75", "40-52"], ["50-59", "31-40"], ["364-371", "335-342"], ["32-35", "23-26"], ["9-13", "3-7"], ["143-147", "114-118"]], "file1": {"similarity_percent": "44", "file_name": "assignment_13.java"}, "file2": {"similarity_percent": "69", "file_name": "assignment_17.java"}}, {"lines_matched": "279", "copied_lines_list": [["160-305", "131-276"], ["81-123", "52-94"], ["310-344", "281-315"], ["351-360", "322-331"], ["63-75", "40-52"], ["50-59", "31-40"], ["364-371", "335-342"], ["32-35", "23-26"], ["9-13", "3-7"], ["143-147", "114-118"]], "file1": {"similarity_percent": "44", "file_name": "assignment_13.java"}, "file2": {"similarity_percent": "69", "file_name": "assignment_16.java"}}, {"lines_matched": "269", "copied_lines_list": [["174-319", "131-276"], ["324-358", "281-315"], ["119-137", "76-94"], ["365-374", "322-331"], ["52-61", "31-40"], ["109-115", "68-74"], ["378-385", "335-342"], ["34-37", "23-26"], ["10-14", "3-7"], ["157-161", "114-118"], ["67-73", "40-46"], ["91-103", "52-64"]], "file1": {"similarity_percent": "40", "file_name": "assignment_12.java"}, "file2": {"similarity_percent": "67", "file_name": "assignment_17.java"}}, {"lines_matched": "269", "copied_lines_list": [["174-319", "131-276"], ["324-358", "281-315"], ["119-137", "76-94"], ["365-374", "322-331"], ["52-61", "31-40"], ["109-115", "68-74"], ["378-385", "335-342"], ["34-37", "23-26"], ["10-14", "3-7"], ["157-161", "114-118"], ["67-73", "40-46"], ["91-103", "52-64"]], "file1": {"similarity_percent": "40", "file_name": "assignment_12.java"}, "file2": {"similarity_percent": "67", "file_name": "assignment_16.java"}}, {"lines_matched": "192", "copied_lines_list": [["119-240", "119-240"], ["27-82", "27-82"], ["22-25", "22-25"], ["3-7", "3-7"], ["102-106", "102-106"]], "file1": {"similarity_percent": "70", "file_name": "assignment_18.java"}, "file2": {"similarity_percent": "70", "file_name": "assignment_19.java"}}, {"lines_matched": "192", "copied_lines_list": [["119-240", "119-240"], ["27-82", "27-82"], ["22-25", "22-25"], ["3-7", "3-7"], ["102-106", "102-106"]], "file1": {"similarity_percent": "70", "file_name": "assignment_11.java"}, "file2": {"similarity_percent": "70", "file_name": "assignment_19.java"}}, {"lines_matched": "192", "copied_lines_list": [["119-240", "119-240"], ["27-82", "27-82"], ["22-25", "22-25"], ["3-7", "3-7"], ["102-106", "102-106"]], "file1": {"similarity_percent": "70", "file_name": "assignment_11.java"}, "file2": {"similarity_percent": "70", "file_name": "assignment_18.java"}}, {"lines_matched": "187", "copied_lines_list": [["131-252", "119-240"], ["64-94", "52-82"], ["48-61", "38-51"], ["23-26", "22-25"], ["3-7", "3-7"], ["31-36", "27-32"], ["114-118", "102-106"]], "file1": {"similarity_percent": "45", "file_name": "assignment_17.java"}, "file2": {"similarity_percent": "68", "file_name": "assignment_19.java"}}, {"lines_matched": "187", "copied_lines_list": [["131-252", "119-240"], ["64-94", "52-82"], ["48-61", "38-51"], ["23-26", "22-25"], ["3-7", "3-7"], ["31-36", "27-32"], ["114-118", "102-106"]], "file1": {"similarity_percent": "45", "file_name": "assignment_17.java"}, "file2": {"similarity_percent": "68", "file_name": "assignment_18.java"}}, {"lines_matched": "187", "copied_lines_list": [["131-252", "119-240"], ["64-94", "52-82"], ["48-61", "38-51"], ["23-26", "22-25"], ["3-7", "3-7"], ["31-36", "27-32"], ["114-118", "102-106"]], "file1": {"similarity_percent": "45", "file_name": "assignment_16.java"}, "file2": {"similarity_percent": "68", "file_name": "assignment_19.java"}}, {"lines_matched": "187", "copied_lines_list": [["131-252", "119-240"], ["64-94", "52-82"], ["48-61", "38-51"], ["23-26", "22-25"], ["3-7", "3-7"], ["31-36", "27-32"], ["114-118", "102-106"]], "file1": {"similarity_percent": "45", "file_name": "assignment_16.java"}, "file2": {"similarity_percent": "68", "file_name": "assignment_18.java"}}, {"lines_matched": "187", "copied_lines_list": [["119-240", "131-252"], ["52-82", "64-94"], ["38-51", "48-61"], ["22-25", "23-26"], ["3-7", "3-7"], ["27-32", "31-36"], ["102-106", "114-118"]], "file1": {"similarity_percent": "68", "file_name": "assignment_11.java"}, "file2": {"similarity_percent": "45", "file_name": "assignment_17.java"}}, {"lines_matched": "187", "copied_lines_list": [["119-240", "131-252"], ["52-82", "64-94"], ["38-51", "48-61"], ["22-25", "23-26"], ["3-7", "3-7"], ["27-32", "31-36"], ["102-106", "114-118"]], "file1": {"similarity_percent": "68", "file_name": "assignment_11.java"}, "file2": {"similarity_percent": "45", "file_name": "assignment_16.java"}}, {"lines_matched": "173", "copied_lines_list": [["148-269", "119-240"], ["81-111", "52-82"], ["27-30", "22-25"], ["7-11", "3-7"], ["40-45", "27-32"], ["131-135", "102-106"]], "file1": {"similarity_percent": "33", "file_name": "assignment_15.java"}, "file2": {"similarity_percent": "65", "file_name": "assignment_19.java"}}, {"lines_matched": "173", "copied_lines_list": [["148-269", "119-240"], ["81-111", "52-82"], ["27-30", "22-25"], ["7-11", "3-7"], ["40-45", "27-32"], ["131-135", "102-106"]], "file1": {"similarity_percent": "33", "file_name": "assignment_15.java"}, "file2": {"similarity_percent": "65", "file_name": "assignment_18.java"}}, {"lines_matched": "173", "copied_lines_list": [["158-279", "119-240"], ["91-121", "52-82"], ["30-33", "22-25"], ["8-12", "3-7"], ["48-53", "27-32"], ["141-145", "102-106"]], "file1": {"similarity_percent": "30", "file_name": "assignment_14.java"}, "file2": {"similarity_percent": "65", "file_name": "assignment_19.java"}}, {"lines_matched": "173", "copied_lines_list": [["158-279", "119-240"], ["91-121", "52-82"], ["30-33", "22-25"], ["8-12", "3-7"], ["48-53", "27-32"], ["141-145", "102-106"]], "file1": {"similarity_percent": "30", "file_name": "assignment_14.java"}, "file2": {"similarity_percent": "65", "file_name": "assignment_18.java"}}, {"lines_matched": "173", "copied_lines_list": [["160-281", "119-240"], ["93-123", "52-82"], ["32-35", "22-25"], ["9-13", "3-7"], ["50-55", "27-32"], ["143-147", "102-106"]], "file1": {"similarity_percent": "27", "file_name": "assignment_13.java"}, "file2": {"similarity_percent": "65", "file_name": "assignment_19.java"}}, {"lines_matched": "173", "copied_lines_list": [["160-281", "119-240"], ["93-123", "52-82"], ["32-35", "22-25"], ["9-13", "3-7"], ["50-55", "27-32"], ["143-147", "102-106"]], "file1": {"similarity_percent": "27", "file_name": "assignment_13.java"}, "file2": {"similarity_percent": "65", "file_name": "assignment_18.java"}}, {"lines_matched": "173", "copied_lines_list": [["119-240", "148-269"], ["52-82", "81-111"], ["22-25", "27-30"], ["3-7", "7-11"], ["27-32", "40-45"], ["102-106", "131-135"]], "file1": {"similarity_percent": "65", "file_name": "assignment_11.java"}, "file2": {"similarity_percent": "33", "file_name": "assignment_15.java"}}, {"lines_matched": "173", "copied_lines_list": [["119-240", "158-279"], ["52-82", "91-121"], ["22-25", "30-33"], ["3-7", "8-12"], ["27-32", "48-53"], ["102-106", "141-145"]], "file1": {"similarity_percent": "65", "file_name": "assignment_11.java"}, "file2": {"similarity_percent": "30", "file_name": "assignment_14.java"}}, {"lines_matched": "173", "copied_lines_list": [["119-240", "160-281"], ["52-82", "93-123"], ["22-25", "32-35"], ["3-7", "9-13"], ["27-32", "50-55"], ["102-106", "143-147"]], "file1": {"similarity_percent": "65", "file_name": "assignment_11.java"}, "file2": {"similarity_percent": "27", "file_name": "assignment_13.java"}}, {"lines_matched": "168", "copied_lines_list": [["174-295", "119-240"], ["119-137", "64-82"], ["109-115", "56-62"], ["34-37", "22-25"], ["10-14", "3-7"], ["52-57", "27-32"], ["157-161", "102-106"]], "file1": {"similarity_percent": "25", "file_name": "assignment_12.java"}, "file2": {"similarity_percent": "64", "file_name": "assignment_19.java"}}, {"lines_matched": "168", "copied_lines_list": [["174-295", "119-240"], ["119-137", "64-82"], ["109-115", "56-62"], ["34-37", "22-25"], ["10-14", "3-7"], ["52-57", "27-32"], ["157-161", "102-106"]], "file1": {"similarity_percent": "25", "file_name": "assignment_12.java"}, "file2": {"similarity_percent": "64", "file_name": "assignment_18.java"}}, {"lines_matched": "168", "copied_lines_list": [["119-240", "174-295"], ["64-82", "119-137"], ["56-62", "109-115"], ["22-25", "34-37"], ["3-7", "10-14"], ["27-32", "52-57"], ["102-106", "157-161"]], "file1": {"similarity_percent": "64", "file_name": "assignment_11.java"}, "file2": {"similarity_percent": "25", "file_name": "assignment_12.java"}}, {"lines_matched": "101", "copied_lines_list": [["119-171", "104-156"], ["60-82", "45-67"], ["28-42", "21-35"], ["3-7", "3-7"], ["102-106", "87-91"]], "file1": {"similarity_percent": "40", "file_name": "assignment_19.java"}, "file2": {"similarity_percent": "56", "file_name": "assignment_20.java"}}, {"lines_matched": "101", "copied_lines_list": [["119-171", "104-156"], ["60-82", "45-67"], ["28-42", "21-35"], ["3-7", "3-7"], ["102-106", "87-91"]], "file1": {"similarity_percent": "40", "file_name": "assignment_18.java"}, "file2": {"similarity_percent": "56", "file_name": "assignment_20.java"}}, {"lines_matched": "101", "copied_lines_list": [["119-171", "104-156"], ["60-82", "45-67"], ["28-42", "21-35"], ["3-7", "3-7"], ["102-106", "87-91"]], "file1": {"similarity_percent": "40", "file_name": "assignment_11.java"}, "file2": {"similarity_percent": "56", "file_name": "assignment_20.java"}}, {"lines_matched": "90", "copied_lines_list": [["131-183", "104-156"], ["72-94", "45-67"], ["3-7", "3-7"], ["114-118", "87-91"], ["23-26", "19-22"]], "file1": {"similarity_percent": "24", "file_name": "assignment_17.java"}, "file2": {"similarity_percent": "52", "file_name": "assignment_20.java"}}, {"lines_matched": "90", "copied_lines_list": [["131-183", "104-156"], ["72-94", "45-67"], ["3-7", "3-7"], ["114-118", "87-91"], ["23-26", "19-22"]], "file1": {"similarity_percent": "24", "file_name": "assignment_16.java"}, "file2": {"similarity_percent": "52", "file_name": "assignment_20.java"}}, {"lines_matched": "90", "copied_lines_list": [["148-200", "104-156"], ["89-111", "45-67"], ["7-11", "3-7"], ["131-135", "87-91"], ["27-30", "19-22"]], "file1": {"similarity_percent": "19", "file_name": "assignment_15.java"}, "file2": {"similarity_percent": "52", "file_name": "assignment_20.java"}}, {"lines_matched": "90", "copied_lines_list": [["158-210", "104-156"], ["99-121", "45-67"], ["8-12", "3-7"], ["141-145", "87-91"], ["30-33", "19-22"]], "file1": {"similarity_percent": "17", "file_name": "assignment_14.java"}, "file2": {"similarity_percent": "52", "file_name": "assignment_20.java"}}, {"lines_matched": "90", "copied_lines_list": [["160-212", "104-156"], ["101-123", "45-67"], ["9-13", "3-7"], ["143-147", "87-91"], ["32-35", "19-22"]], "file1": {"similarity_percent": "15", "file_name": "assignment_13.java"}, "file2": {"similarity_percent": "52", "file_name": "assignment_20.java"}}, {"lines_matched": "86", "copied_lines_list": [["174-226", "104-156"], ["119-137", "49-67"], ["10-14", "3-7"], ["157-161", "87-91"], ["34-37", "19-22"]], "file1": {"similarity_percent": "14", "file_name": "assignment_12.java"}, "file2": {"similarity_percent": "49", "file_name": "assignment_20.java"}}]