[{"file1": {"file_name": "assignment_12.java", "similarity_percent": "29"}, "copied_lines_list": [["1105-1196", "1422-1513"], ["301-362", "278-342"], ["676-740", "766-830"], ["1055-1102", "1260-1307"], ["466-512", "446-490"], ["30-50", "30-50"], ["875-911", "967-1004"], ["514-558", "604-645"], ["8-18", "8-18"], ["911-935", "1115-1139"], ["59-68", "59-68"], ["747-754", "837-845"], ["108-112", "95-99"], ["252-258", "118-124"], ["558-563", "759-764"], ["935-944", "1250-1260"], ["91-102", "81-92"], ["73-80", "70-75"], ["280-286", "257-263"], ["760-763", "962-965"], ["82-86", "75-79"], ["130-136", "109-115"]], "lines_matched": "542", "file2": {"file_name": "assignment_13.java", "similarity_percent": "23"}}, {"file1": {"file_name": "assignment_12.java", "similarity_percent": "25"}, "copied_lines_list": [["676-740", "880-944"], ["875-944", "969-1039"], ["1062-1112", "1159-1207"], ["307-350", "398-441"], ["1112-1145", "1321-1355"], ["30-50", "30-50"], ["501-544", "704-747"], ["478-499", "570-590"], ["8-18", "8-18"], ["747-756", "951-960"], ["544-563", "859-878"], ["59-68", "59-68"], ["108-112", "95-99"], ["252-258", "230-236"], ["127-136", "218-227"], ["91-102", "81-92"], ["73-80", "70-75"], ["280-286", "258-264"], ["760-763", "964-967"], ["1236-1241", "105-111"], ["82-86", "75-79"], ["354-357", "557-560"]], "lines_matched": "470", "file2": {"file_name": "assignment_14.java", "similarity_percent": "22"}}, {"file1": {"file_name": "assignment_13.java", "similarity_percent": "20"}, "copied_lines_list": [["759-830", "873-944"], ["59-106", "59-106"], ["284-327", "398-441"], ["1267-1307", "1159-1199"], ["1429-1462", "1321-1355"], ["962-1004", "964-1005"], ["30-50", "30-50"], ["457-477", "570-590"], ["8-18", "8-18"], ["604-634", "717-747"], ["1115-1139", "1005-1029"], ["109-124", "221-236"], ["1250-1265", "1029-1044"], ["837-845", "951-958"], ["479-490", "704-715"], ["257-263", "258-264"], ["1417-1422", "552-557"], ["634-645", "859-873"]], "lines_matched": "471", "file2": {"file_name": "assignment_14.java", "similarity_percent": "22"}}, {"file1": {"file_name": "assignment_14.java", "similarity_percent": "21"}, "copied_lines_list": [["969-1044", "965-1040"], ["59-106", "59-106"], ["398-448", "173-223"], ["1159-1204", "1042-1087"], ["552-590", "327-365"], ["30-50", "30-50"], ["908-944", "793-829"], ["873-902", "647-676"], ["712-747", "487-522"], ["8-18", "8-18"], ["951-960", "836-845"], ["221-236", "109-124"], ["704-710", "367-373"], ["258-264", "146-152"], ["964-967", "849-852"], ["859-873", "522-533"]], "lines_matched": "454", "file2": {"file_name": "assignment_15.java", "similarity_percent": "30"}}, {"file1": {"file_name": "assignment_12.java", "similarity_percent": "24"}, "copied_lines_list": [["871-944", "961-1035"], ["1055-1107", "1035-1087"], ["301-350", "167-216"], ["30-50", "30-50"], ["478-507", "345-373"], ["704-740", "793-829"], ["509-558", "487-533"], ["676-698", "654-676"], ["8-18", "8-18"], ["747-756", "836-845"], ["760-767", "849-857"], ["59-68", "59-68"], ["108-112", "95-99"], ["252-258", "118-124"], ["558-563", "647-652"], ["91-102", "81-92"], ["73-80", "70-75"], ["280-286", "146-152"], ["82-86", "75-79"], ["130-136", "109-115"], ["354-357", "332-335"]], "lines_matched": "438", "file2": {"file_name": "assignment_15.java", "similarity_percent": "29"}}, {"file1": {"file_name": "assignment_13.java", "similarity_percent": "18"}, "copied_lines_list": [["59-124", "59-124"], ["1250-1307", "1025-1082"], ["278-327", "167-216"], ["752-788", "640-676"], ["30-50", "30-50"], ["457-485", "345-373"], ["794-830", "793-829"], ["604-648", "492-536"], ["967-1004", "965-1001"], ["8-18", "8-18"], ["1115-1139", "1001-1025"], ["837-845", "836-843"], ["257-263", "146-152"], ["1417-1422", "327-332"], ["962-965", "849-852"]], "lines_matched": "443", "file2": {"file_name": "assignment_15.java", "similarity_percent": "29"}}, {"file1": {"file_name": "assignment_16.java", "similarity_percent": "31"}, "copied_lines_list": [["311-391", "311-391"], ["495-582", "495-582"], ["59-124", "59-124"], ["167-207", "167-207"], ["30-50", "30-50"], ["686-714", "686-714"], ["8-18", "8-18"], ["721-730", "721-730"], ["734-747", "734-747"], ["146-152", "146-152"]], "lines_matched": "368", "file2": {"file_name": "assignment_17.java", "similarity_percent": "31"}}, {"file1": {"file_name": "assignment_13.java", "similarity_percent": "14"}, "copied_lines_list": [["59-124", "59-124"], ["759-804", "533-578"], ["457-490", "343-376"], ["30-50", "30-50"], ["278-311", "167-200"], ["316-334", "315-333"], ["807-830", "691-714"], ["8-18", "8-18"], ["616-645", "501-533"], ["837-845", "721-728"], ["962-971", "734-743"], ["257-263", "146-152"], ["334-342", "384-391"]], "lines_matched": "321", "file2": {"file_name": "assignment_17.java", "similarity_percent": "27"}}, {"file1": {"file_name": "assignment_13.java", "similarity_percent": "14"}, "copied_lines_list": [["59-124", "59-124"], ["759-804", "533-578"], ["457-490", "343-376"], ["30-50", "30-50"], ["278-311", "167-200"], ["316-334", "315-333"], ["807-830", "691-714"], ["8-18", "8-18"], ["616-645", "501-533"], ["837-845", "721-728"], ["962-971", "734-743"], ["257-263", "146-152"], ["334-342", "384-391"]], "lines_matched": "321", "file2": {"file_name": "assignment_16.java", "similarity_percent": "27"}}, {"file1": {"file_name": "assignment_14.java", "similarity_percent": "15"}, "copied_lines_list": [["59-106", "59-106"], ["859-918", "519-578"], ["30-50", "30-50"], ["557-590", "330-363"], ["921-944", "691-714"], ["398-425", "173-200"], ["8-18", "8-18"], ["430-441", "315-326"], ["951-960", "721-730"], ["221-236", "109-124"], ["704-726", "365-387"], ["729-747", "501-519"], ["964-973", "734-743"], ["258-264", "146-152"]], "lines_matched": "323", "file2": {"file_name": "assignment_17.java", "similarity_percent": "27"}}, {"file1": {"file_name": "assignment_14.java", "similarity_percent": "15"}, "copied_lines_list": [["59-106", "59-106"], ["859-918", "519-578"], ["30-50", "30-50"], ["557-590", "330-363"], ["921-944", "691-714"], ["398-425", "173-200"], ["8-18", "8-18"], ["430-441", "315-326"], ["951-960", "721-730"], ["221-236", "109-124"], ["704-726", "365-387"], ["729-747", "501-519"], ["964-973", "734-743"], ["258-264", "146-152"]], "lines_matched": "323", "file2": {"file_name": "assignment_16.java", "similarity_percent": "27"}}, {"file1": {"file_name": "assignment_15.java", "similarity_percent": "22"}, "copied_lines_list": [["59-124", "59-124"], ["332-373", "330-371"], ["30-50", "30-50"], ["647-676", "533-562"], ["167-200", "167-200"], ["806-829", "691-714"], ["8-18", "8-18"], ["504-533", "501-533"], ["205-216", "315-326"], ["836-845", "721-730"], ["146-152", "146-152"], ["793-803", "568-578"], ["487-501", "373-387"], ["849-852", "734-737"]], "lines_matched": "320", "file2": {"file_name": "assignment_17.java", "similarity_percent": "27"}}, {"file1": {"file_name": "assignment_15.java", "similarity_percent": "22"}, "copied_lines_list": [["59-124", "59-124"], ["332-373", "330-371"], ["30-50", "30-50"], ["647-676", "533-562"], ["167-200", "167-200"], ["806-829", "691-714"], ["8-18", "8-18"], ["504-533", "501-533"], ["205-216", "315-326"], ["836-845", "721-730"], ["146-152", "146-152"], ["793-803", "568-578"], ["487-501", "373-387"], ["849-852", "734-737"]], "lines_matched": "320", "file2": {"file_name": "assignment_16.java", "similarity_percent": "27"}}, {"file1": {"file_name": "assignment_12.java", "similarity_percent": "17"}, "copied_lines_list": [["478-523", "343-387"], ["676-714", "540-578"], ["30-50", "30-50"], ["301-334", "167-200"], ["526-563", "501-538"], ["339-357", "315-333"], ["717-740", "691-714"], ["8-18", "8-18"], ["747-756", "721-730"], ["59-68", "59-68"], ["108-112", "95-99"], ["252-258", "118-124"], ["91-102", "81-92"], ["73-80", "70-75"], ["280-286", "146-152"], ["760-763", "734-737"], ["82-86", "75-79"], ["130-136", "109-115"]], "lines_matched": "307", "file2": {"file_name": "assignment_17.java", "similarity_percent": "27"}}, {"file1": {"file_name": "assignment_12.java", "similarity_percent": "17"}, "copied_lines_list": [["478-523", "343-387"], ["676-714", "540-578"], ["30-50", "30-50"], ["301-334", "167-200"], ["526-563", "501-538"], ["339-357", "315-333"], ["717-740", "691-714"], ["8-18", "8-18"], ["747-756", "721-730"], ["59-68", "59-68"], ["108-112", "95-99"], ["252-258", "118-124"], ["91-102", "81-92"], ["73-80", "70-75"], ["280-286", "146-152"], ["760-763", "734-737"], ["82-86", "75-79"], ["130-136", "109-115"]], "lines_matched": "307", "file2": {"file_name": "assignment_16.java", "similarity_percent": "27"}}, {"file1": {"file_name": "assignment_11.java", "similarity_percent": "40"}, "copied_lines_list": [["59-110", "59-110"], ["350-383", "419-449"], ["30-50", "30-50"], ["408-435", "553-585"], ["293-325", "283-315"], ["135-154", "214-234"], ["535-554", "844-864"], ["8-18", "8-18"], ["480-509", "710-739"], ["467-478", "587-597"]], "lines_matched": "264", "file2": {"file_name": "assignment_18.java", "similarity_percent": "19"}}, {"file1": {"file_name": "assignment_13.java", "similarity_percent": "11"}, "copied_lines_list": [["59-106", "59-106"], ["446-493", "553-600"], ["30-50", "30-50"], ["316-342", "426-449"], ["278-311", "277-310"], ["597-630", "704-736"], ["8-18", "8-18"], ["109-124", "219-234"], ["631-648", "848-864"], ["257-263", "256-262"]], "lines_matched": "264", "file2": {"file_name": "assignment_18.java", "similarity_percent": "19"}}, {"file1": {"file_name": "assignment_11.java", "similarity_percent": "39"}, "copied_lines_list": [["59-110", "59-110"], ["30-50", "30-50"], ["356-383", "536-559"], ["135-154", "214-234"], ["8-18", "8-18"], ["422-435", "794-807"], ["293-312", "393-412"], ["484-506", "937-959"], ["467-481", "809-823"], ["408-420", "663-681"], ["541-554", "1074-1087"], ["239-245", "369-375"], ["184-188", "521-529"], ["206-211", "256-261"]], "lines_matched": "256", "file2": {"file_name": "assignment_19.java", "similarity_percent": "15"}}, {"file1": {"file_name": "assignment_13.java", "similarity_percent": "11"}, "copied_lines_list": [["59-106", "59-106"], ["308-342", "528-559"], ["30-50", "30-50"], ["464-490", "794-820"], ["278-303", "387-412"], ["8-18", "8-18"], ["608-634", "937-963"], ["109-124", "219-234"], ["446-462", "663-681"], ["634-648", "1074-1087"], ["245-250", "368-373"], ["1137-1142", "822-827"]], "lines_matched": "255", "file2": {"file_name": "assignment_19.java", "similarity_percent": "14"}}, {"file1": {"file_name": "assignment_14.java", "similarity_percent": "12"}, "copied_lines_list": [["59-111", "59-110"], ["30-50", "30-50"], ["422-441", "528-547"], ["721-752", "937-967"], ["215-236", "214-234"], ["8-18", "8-18"], ["577-590", "794-807"], ["398-417", "393-412"], ["704-718", "809-823"], ["857-873", "1072-1084"], ["279-289", "256-264"], ["557-560", "551-554"], ["570-575", "676-681"]], "lines_matched": "246", "file2": {"file_name": "assignment_19.java", "similarity_percent": "14"}}, {"file1": {"file_name": "assignment_11.java", "similarity_percent": "37"}, "copied_lines_list": [["59-106", "59-106"], ["30-50", "30-50"], ["356-383", "316-342"], ["408-435", "446-477"], ["293-320", "284-311"], ["8-18", "8-18"], ["139-154", "109-124"], ["538-554", "631-648"], ["480-506", "604-630"], ["184-190", "245-252"], ["467-478", "479-490"]], "lines_matched": "248", "file2": {"file_name": "assignment_13.java", "similarity_percent": "11"}}, {"file1": {"file_name": "assignment_11.java", "similarity_percent": "37"}, "copied_lines_list": [["59-110", "59-111"], ["30-50", "30-50"], ["463-506", "699-743"], ["415-438", "570-595"], ["290-320", "393-425"], ["135-154", "215-236"], ["8-18", "8-18"], ["356-367", "430-441"], ["206-211", "279-286"], ["371-374", "557-560"], ["541-551", "859-873"]], "lines_matched": "250", "file2": {"file_name": "assignment_14.java", "similarity_percent": "12"}}, {"file1": {"file_name": "assignment_17.java", "similarity_percent": "21"}, "copied_lines_list": [["59-106", "59-106"], ["343-376", "565-597"], ["167-207", "277-315"], ["30-50", "30-50"], ["311-333", "419-444"], ["8-18", "8-18"], ["109-124", "219-234"], ["501-515", "722-736"], ["516-533", "848-861"], ["146-152", "256-262"], ["384-391", "444-449"]], "lines_matched": "242", "file2": {"file_name": "assignment_18.java", "similarity_percent": "17"}}, {"file1": {"file_name": "assignment_16.java", "similarity_percent": "21"}, "copied_lines_list": [["59-106", "59-106"], ["343-376", "565-597"], ["167-207", "277-315"], ["30-50", "30-50"], ["311-333", "419-444"], ["8-18", "8-18"], ["109-124", "219-234"], ["501-515", "722-736"], ["516-533", "848-861"], ["146-152", "256-262"], ["384-391", "444-449"]], "lines_matched": "242", "file2": {"file_name": "assignment_18.java", "similarity_percent": "17"}}, {"file1": {"file_name": "assignment_12.java", "similarity_percent": "14"}, "copied_lines_list": [["466-512", "553-597"], ["30-50", "30-50"], ["339-362", "426-449"], ["301-334", "277-310"], ["8-18", "8-18"], ["514-540", "710-736"], ["59-68", "59-68"], ["541-558", "848-861"], ["108-112", "95-99"], ["252-258", "228-234"], ["127-136", "217-225"], ["91-102", "81-92"], ["73-80", "70-75"], ["280-286", "256-262"], ["1236-1241", "105-110"], ["82-86", "75-79"]], "lines_matched": "252", "file2": {"file_name": "assignment_18.java", "similarity_percent": "17"}}, {"file1": {"file_name": "assignment_18.java", "similarity_percent": "17"}, "copied_lines_list": [["59-110", "59-110"], ["30-50", "30-50"], ["426-449", "536-559"], ["572-597", "794-820"], ["277-302", "387-412"], ["214-234", "214-234"], ["8-18", "8-18"], ["714-736", "937-959"], ["553-570", "663-681"], ["851-864", "1074-1087"]], "lines_matched": "238", "file2": {"file_name": "assignment_19.java", "similarity_percent": "14"}}, {"file1": {"file_name": "assignment_12.java", "similarity_percent": "13"}, "copied_lines_list": [["331-362", "528-559"], ["30-50", "30-50"], ["486-515", "794-823"], ["301-326", "387-412"], ["8-18", "8-18"], ["518-544", "937-963"], ["59-68", "59-68"], ["466-483", "663-681"], ["108-112", "95-99"], ["252-258", "228-234"], ["127-136", "217-225"], ["91-102", "81-92"], ["73-80", "70-75"], ["1236-1241", "105-110"], ["82-86", "75-79"], ["544-558", "1074-1084"]], "lines_matched": "243", "file2": {"file_name": "assignment_19.java", "similarity_percent": "13"}}, {"file1": {"file_name": "assignment_11.java", "similarity_percent": "36"}, "copied_lines_list": [["30-50", "30-50"], ["356-383", "339-362"], ["408-435", "466-499"], ["467-506", "501-540"], ["293-320", "307-334"], ["8-18", "8-18"], ["59-68", "59-68"], ["538-551", "541-558"], ["95-99", "108-112"], ["148-154", "252-258"], ["137-145", "127-136"], ["81-92", "91-102"], ["70-75", "73-80"], ["105-110", "1236-1241"], ["75-79", "82-86"], ["239-242", "1051-1055"]], "lines_matched": "244", "file2": {"file_name": "assignment_12.java", "similarity_percent": "13"}}, {"file1": {"file_name": "assignment_15.java", "similarity_percent": "16"}, "copied_lines_list": [["59-106", "59-106"], ["30-50", "30-50"], ["345-373", "565-593"], ["167-200", "277-310"], ["8-18", "8-18"], ["205-216", "426-437"], ["109-124", "219-234"], ["519-536", "848-864"], ["492-518", "710-736"], ["146-152", "256-262"], ["332-335", "441-444"]], "lines_matched": "227", "file2": {"file_name": "assignment_18.java", "similarity_percent": "16"}}, {"file1": {"file_name": "assignment_11.java", "similarity_percent": "35"}, "copied_lines_list": [["59-106", "59-106"], ["30-50", "30-50"], ["350-374", "311-333"], ["293-325", "173-207"], ["415-435", "343-363"], ["8-18", "8-18"], ["139-154", "109-124"], ["467-489", "365-387"], ["492-506", "501-515"], ["538-551", "516-533"]], "lines_matched": "231", "file2": {"file_name": "assignment_17.java", "similarity_percent": "20"}}, {"file1": {"file_name": "assignment_11.java", "similarity_percent": "35"}, "copied_lines_list": [["59-106", "59-106"], ["30-50", "30-50"], ["350-374", "311-333"], ["293-325", "173-207"], ["415-435", "343-363"], ["8-18", "8-18"], ["139-154", "109-124"], ["467-489", "365-387"], ["492-506", "501-515"], ["538-551", "516-533"]], "lines_matched": "231", "file2": {"file_name": "assignment_16.java", "similarity_percent": "20"}}, {"file1": {"file_name": "assignment_14.java", "similarity_percent": "11"}, "copied_lines_list": [["59-111", "59-110"], ["30-50", "30-50"], ["570-590", "565-585"], ["398-425", "283-310"], ["215-236", "214-234"], ["8-18", "8-18"], ["430-441", "426-437"], ["717-743", "710-736"], ["704-715", "587-597"], ["258-264", "256-262"], ["552-557", "844-848"], ["859-873", "851-861"]], "lines_matched": "235", "file2": {"file_name": "assignment_18.java", "similarity_percent": "16"}}, {"file1": {"file_name": "assignment_15.java", "similarity_percent": "15"}, "copied_lines_list": [["59-106", "59-106"], ["30-50", "30-50"], ["352-373", "794-815"], ["197-216", "528-547"], ["167-192", "387-412"], ["8-18", "8-18"], ["496-522", "937-963"], ["109-124", "219-234"], ["522-536", "1074-1087"], ["332-335", "551-554"], ["345-350", "676-681"]], "lines_matched": "216", "file2": {"file_name": "assignment_19.java", "similarity_percent": "13"}}, {"file1": {"file_name": "assignment_17.java", "similarity_percent": "19"}, "copied_lines_list": [["59-106", "59-106"], ["30-50", "30-50"], ["350-379", "794-823"], ["315-333", "536-554"], ["167-192", "387-412"], ["8-18", "8-18"], ["109-124", "219-234"], ["501-519", "945-963"], ["343-348", "676-681"], ["384-391", "554-559"], ["519-533", "1074-1084"]], "lines_matched": "219", "file2": {"file_name": "assignment_19.java", "similarity_percent": "13"}}, {"file1": {"file_name": "assignment_16.java", "similarity_percent": "19"}, "copied_lines_list": [["59-106", "59-106"], ["30-50", "30-50"], ["350-379", "794-823"], ["315-333", "536-554"], ["167-192", "387-412"], ["8-18", "8-18"], ["109-124", "219-234"], ["501-519", "945-963"], ["343-348", "676-681"], ["384-391", "554-559"], ["519-533", "1074-1084"]], "lines_matched": "219", "file2": {"file_name": "assignment_19.java", "similarity_percent": "13"}}, {"file1": {"file_name": "assignment_11.java", "similarity_percent": "33"}, "copied_lines_list": [["59-106", "59-106"], ["30-50", "30-50"], ["415-435", "345-365"], ["293-320", "173-200"], ["8-18", "8-18"], ["356-367", "205-216"], ["475-506", "487-518"], ["139-154", "109-124"], ["538-554", "519-536"], ["467-473", "367-373"], ["371-374", "332-335"]], "lines_matched": "218", "file2": {"file_name": "assignment_15.java", "similarity_percent": "15"}}, {"file1": {"file_name": "assignment_13.java", "similarity_percent": "8"}, "copied_lines_list": [["59-121", "59-120"], ["30-50", "30-50"], ["292-321", "511-539"], ["8-18", "8-18"], ["321-334", "650-663"], ["278-291", "387-399"], ["133-141", "254-261"], ["245-250", "227-233"]], "lines_matched": "168", "file2": {"file_name": "assignment_20.java", "similarity_percent": "16"}}, {"file1": {"file_name": "assignment_19.java", "similarity_percent": "10"}, "copied_lines_list": [["59-106", "59-106"], ["30-50", "30-50"], ["8-18", "8-18"], ["541-554", "650-663"], ["528-541", "527-539"], ["387-401", "387-400"], ["368-375", "227-234"], ["219-231", "109-120"], ["402-412", "512-522"]], "lines_matched": "155", "file2": {"file_name": "assignment_20.java", "similarity_percent": "15"}}, {"file1": {"file_name": "assignment_12.java", "similarity_percent": "9"}, "copied_lines_list": [["30-50", "30-50"], ["315-344", "511-539"], ["8-18", "8-18"], ["344-357", "650-663"], ["59-68", "59-68"], ["301-314", "387-399"], ["108-112", "95-99"], ["91-102", "81-92"], ["73-80", "70-75"], ["247-253", "227-233"], ["357-362", "118-123"], ["82-86", "75-79"], ["130-136", "109-115"], ["1051-1055", "365-369"]], "lines_matched": "155", "file2": {"file_name": "assignment_20.java", "similarity_percent": "15"}}, {"file1": {"file_name": "assignment_17.java", "similarity_percent": "14"}, "copied_lines_list": [["59-121", "59-120"], ["30-50", "30-50"], ["8-18", "8-18"], ["320-333", "650-663"], ["181-200", "511-530"], ["167-180", "387-399"], ["315-320", "535-539"], ["739-746", "663-673"]], "lines_matched": "157", "file2": {"file_name": "assignment_20.java", "similarity_percent": "14"}}, {"file1": {"file_name": "assignment_16.java", "similarity_percent": "14"}, "copied_lines_list": [["59-121", "59-120"], ["30-50", "30-50"], ["8-18", "8-18"], ["320-333", "650-663"], ["181-200", "511-530"], ["167-180", "387-399"], ["315-320", "535-539"], ["739-746", "663-673"]], "lines_matched": "157", "file2": {"file_name": "assignment_20.java", "similarity_percent": "14"}}, {"file1": {"file_name": "assignment_15.java", "similarity_percent": "11"}, "copied_lines_list": [["59-121", "59-120"], ["30-50", "30-50"], ["181-210", "511-539"], ["8-18", "8-18"], ["167-180", "387-399"], ["210-216", "650-656"], ["332-335", "660-663"]], "lines_matched": "150", "file2": {"file_name": "assignment_20.java", "similarity_percent": "14"}}, {"file1": {"file_name": "assignment_18.java", "similarity_percent": "11"}, "copied_lines_list": [["59-106", "59-106"], ["30-50", "30-50"], ["8-18", "8-18"], ["431-444", "650-663"], ["291-310", "511-530"], ["277-290", "387-399"], ["219-231", "109-120"], ["426-431", "535-539"]], "lines_matched": "147", "file2": {"file_name": "assignment_20.java", "similarity_percent": "14"}}, {"file1": {"file_name": "assignment_11.java", "similarity_percent": "24"}, "copied_lines_list": [["59-106", "59-106"], ["30-50", "30-50"], ["8-18", "8-18"], ["361-374", "650-663"], ["301-320", "511-530"], ["139-151", "109-120"], ["239-245", "228-234"], ["356-361", "535-539"]], "lines_matched": "140", "file2": {"file_name": "assignment_20.java", "similarity_percent": "14"}}, {"file1": {"file_name": "assignment_14.java", "similarity_percent": "7"}, "copied_lines_list": [["59-106", "59-106"], ["30-50", "30-50"], ["406-435", "511-539"], ["8-18", "8-18"], ["221-233", "109-120"], ["435-441", "650-656"], ["557-560", "660-663"]], "lines_matched": "134", "file2": {"file_name": "assignment_20.java", "similarity_percent": "13"}}]